response_id,stakeholder_group,priority_category,priority_score,comments
R001,Residents,Housing,3.2,
R001,Residents,Infrastructure,2.1,
R001,Residents,Safety,1.8,
R001,Residents,Community facilities,1.6,
R001,Residents,Environmental resilience,1.3,
R002,Local businesses,Infrastructure,3.4,
R002,Local businesses,Housing,1.9,
R002,Local businesses,Safety,1.7,
R002,Local businesses,Community facilities,1.5,
R002,Local businesses,Environmental resilience,1.5,
R003,Local authority,Infrastructure,2.3,
R003,Local authority,Housing,2.1,
R003,Local authority,Safety,1.9,
R003,Local authority,Community facilities,1.5,
R003,Local authority,Environmental resilience,1.7,
